codepoint,character,name,ascii_replacement
U+00C0,À,LATIN CAPITAL LETTER A WITH GRAVE,A
U+00C1,Á,LATIN CAPITAL LETTER A WITH ACUTE,A
U+00C2,Â,LATIN CAPITAL LETTER A WITH CIRCUMFLEX,A
U+00C3,Ã,LATIN CAPITAL LETTER A WITH TILDE,A
U+00C4,Ä,LATIN CAPITAL LETTER A WITH DIAERESIS,Ae
U+00C5,Å,LATIN CAPITAL LETTER A WITH RING ABOVE,Aa
U+00C6,Æ,LATIN CAPITAL LETTER AE,Ae
U+00C7,Ç,LATIN CAPITAL LETTER C WITH CEDILLA,C
U+00C8,È,LATIN CAPITAL LETTER E WITH GRAVE,E
U+00C9,É,LATIN CAPITAL LETTER E WITH ACUTE,E
U+00CA,Ê,LATIN CAPITAL LETTER E WITH CIRCUMFLEX,E
U+00CB,Ë,LATIN CAPITAL LETTER E WITH DIAERESIS,E
U+00CC,Ì,LATIN CAPITAL LETTER I WITH GRAVE,I
U+00CD,Í,LATIN CAPITAL LETTER I WITH ACUTE,I
U+00CE,Î,LATIN CAPITAL LETTER I WITH CIRCUMFLEX,I
U+00CF,Ï,LATIN CAPITAL LETTER I WITH DIAERESIS,I
U+00D1,Ñ,LATIN CAPITAL LETTER N WITH TILDE,N
U+00D2,Ò,LATIN CAPITAL LETTER O WITH GRAVE,O
U+00D3,Ó,LATIN CAPITAL LETTER O WITH ACUTE,O
U+00D4,Ô,LATIN CAPITAL LETTER O WITH CIRCUMFLEX,O
U+00D5,Õ,LATIN CAPITAL LETTER O WITH TILDE,O
U+00D6,Ö,LATIN CAPITAL LETTER O WITH DIAERESIS,Oe
U+00D8,Ø,LATIN CAPITAL LETTER O WITH STROKE,Oe
U+00D9,Ù,LATIN CAPITAL LETTER U WITH GRAVE,U
U+00DA,Ú,LATIN CAPITAL LETTER U WITH ACUTE,U
U+00DB,Û,LATIN CAPITAL LETTER U WITH CIRCUMFLEX,U
U+00DC,Ü,LATIN CAPITAL LETTER U WITH DIAERESIS,Ue
U+00DD,Ý,LATIN CAPITAL LETTER Y WITH ACUTE,Y
U+00DE,Þ,LATIN CAPITAL LETTER THORN,Th
U+00DF,ß,LATIN SMALL LETTER SHARP S,ss
U+00E0,à,LATIN SMALL LETTER A WITH GRAVE,a
U+00E1,á,LATIN SMALL LETTER A WITH ACUTE,a
U+00E2,â,LATIN SMALL LETTER A WITH CIRCUMFLEX,a
U+00E3,ã,LATIN SMALL LETTER A WITH TILDE,a
U+00E4,ä,LATIN SMALL LETTER A WITH DIAERESIS,ae
U+00E5,å,LATIN SMALL LETTER A WITH RING ABOVE,aa
U+00E6,æ,LATIN SMALL LETTER AE,ae
U+00E7,ç,LATIN SMALL LETTER C WITH CEDILLA,c
U+00E8,è,LATIN SMALL LETTER E WITH GRAVE,e
U+00E9,é,LATIN SMALL LETTER E WITH ACUTE,e
U+00EA,ê,LATIN SMALL LETTER E WITH CIRCUMFLEX,e
U+00EB,ë,LATIN SMALL LETTER E WITH DIAERESIS,e
U+00EC,ì,LATIN SMALL LETTER I WITH GRAVE,i
U+00ED,í,LATIN SMALL LETTER I WITH ACUTE,i
U+00EE,î,LATIN SMALL LETTER I WITH CIRCUMFLEX,i
U+00EF,ï,LATIN SMALL LETTER I WITH DIAERESIS,i
U+00F1,ñ,LATIN SMALL LETTER N WITH TILDE,n
U+00F2,ò,LATIN SMALL LETTER O WITH GRAVE,o
U+00F3,ó,LATIN SMALL LETTER O WITH ACUTE,o
U+00F4,ô,LATIN SMALL LETTER O WITH CIRCUMFLEX,o
U+00F5,õ,LATIN SMALL LETTER O WITH TILDE,o
U+00F6,ö,LATIN SMALL LETTER O WITH DIAERESIS,oe
U+00F8,ø,LATIN SMALL LETTER O WITH STROKE,oe
U+00F9,ù,LATIN SMALL LETTER U WITH GRAVE,u
U+00FA,ú,LATIN SMALL LETTER U WITH ACUTE,u
U+00FB,û,LATIN SMALL LETTER U WITH CIRCUMFLEX,u
U+00FC,ü,LATIN SMALL LETTER U WITH DIAERESIS,ue
U+00FD,ý,LATIN SMALL LETTER Y WITH ACUTE,y
U+00FE,þ,LATIN SMALL LETTER THORN,th
U+00FF,ÿ,LATIN SMALL LETTER Y WITH DIAERESIS,y
U+0100,Ā,LATIN CAPITAL LETTER A WITH MACRON,A
U+0101,ā,LATIN SMALL LETTER A WITH MACRON,a
U+0102,Ă,LATIN CAPITAL LETTER A WITH BREVE,A
U+0103,ă,LATIN SMALL LETTER A WITH BREVE,a
U+0104,Ą,LATIN CAPITAL LETTER A WITH OGONEK,A
U+0105,ą,LATIN SMALL LETTER A WITH OGONEK,a
U+0106,Ć,LATIN CAPITAL LETTER C WITH ACUTE,C
U+0107,ć,LATIN SMALL LETTER C WITH ACUTE,c
U+0108,Ĉ,LATIN CAPITAL LETTER C WITH CIRCUMFLEX,C
U+0109,ĉ,LATIN SMALL LETTER C WITH CIRCUMFLEX,c
U+010A,Ċ,LATIN CAPITAL LETTER C WITH DOT ABOVE,C
U+010B,ċ,LATIN SMALL LETTER C WITH DOT ABOVE,c
U+010C,Č,LATIN CAPITAL LETTER C WITH CARON,C
U+010D,č,LATIN SMALL LETTER C WITH CARON,c
U+010E,Ď,LATIN CAPITAL LETTER D WITH CARON,D
U+010F,ď,LATIN SMALL LETTER D WITH CARON,d
U+0110,Đ,LATIN CAPITAL LETTER D WITH STROKE,LETTER
U+0111,đ,LATIN SMALL LETTER D WITH STROKE,letter
U+0112,Ē,LATIN CAPITAL LETTER E WITH MACRON,E
U+0113,ē,LATIN SMALL LETTER E WITH MACRON,e
U+0114,Ĕ,LATIN CAPITAL LETTER E WITH BREVE,E
U+0115,ĕ,LATIN SMALL LETTER E WITH BREVE,e
U+0116,Ė,LATIN CAPITAL LETTER E WITH DOT ABOVE,E
U+0117,ė,LATIN SMALL LETTER E WITH DOT ABOVE,e
U+0118,Ę,LATIN CAPITAL LETTER E WITH OGONEK,E
U+0119,ę,LATIN SMALL LETTER E WITH OGONEK,e
U+011A,Ě,LATIN CAPITAL LETTER E WITH CARON,E
U+011B,ě,LATIN SMALL LETTER E WITH CARON,e
U+011C,Ĝ,LATIN CAPITAL LETTER G WITH CIRCUMFLEX,G
U+011D,ĝ,LATIN SMALL LETTER G WITH CIRCUMFLEX,g
U+011E,Ğ,LATIN CAPITAL LETTER G WITH BREVE,G
U+011F,ğ,LATIN SMALL LETTER G WITH BREVE,g
U+0120,Ġ,LATIN CAPITAL LETTER G WITH DOT ABOVE,G
U+0121,ġ,LATIN SMALL LETTER G WITH DOT ABOVE,g
U+0122,Ģ,LATIN CAPITAL LETTER G WITH CEDILLA,G
U+0123,ģ,LATIN SMALL LETTER G WITH CEDILLA,g
U+0124,Ĥ,LATIN CAPITAL LETTER H WITH CIRCUMFLEX,H
U+0125,ĥ,LATIN SMALL LETTER H WITH CIRCUMFLEX,h
U+0126,Ħ,LATIN CAPITAL LETTER H WITH STROKE,LETTER
U+0127,ħ,LATIN SMALL LETTER H WITH STROKE,letter
U+0128,Ĩ,LATIN CAPITAL LETTER I WITH TILDE,I
U+0129,ĩ,LATIN SMALL LETTER I WITH TILDE,i
U+012A,Ī,LATIN CAPITAL LETTER I WITH MACRON,I
U+012B,ī,LATIN SMALL LETTER I WITH MACRON,i
U+012C,Ĭ,LATIN CAPITAL LETTER I WITH BREVE,I
U+012D,ĭ,LATIN SMALL LETTER I WITH BREVE,i
U+012E,Į,LATIN CAPITAL LETTER I WITH OGONEK,I
U+012F,į,LATIN SMALL LETTER I WITH OGONEK,i
U+0130,İ,LATIN CAPITAL LETTER I WITH DOT ABOVE,I
U+0132,Ĳ,LATIN CAPITAL LIGATURE IJ,Ij
U+0133,ĳ,LATIN SMALL LIGATURE IJ,ij
U+0134,Ĵ,LATIN CAPITAL LETTER J WITH CIRCUMFLEX,J
U+0135,ĵ,LATIN SMALL LETTER J WITH CIRCUMFLEX,j
U+0136,Ķ,LATIN CAPITAL LETTER K WITH CEDILLA,K
U+0137,ķ,LATIN SMALL LETTER K WITH CEDILLA,k
U+0139,Ĺ,LATIN CAPITAL LETTER L WITH ACUTE,L
U+013A,ĺ,LATIN SMALL LETTER L WITH ACUTE,l
U+013B,Ļ,LATIN CAPITAL LETTER L WITH CEDILLA,L
U+013C,ļ,LATIN SMALL LETTER L WITH CEDILLA,l
U+013D,Ľ,LATIN CAPITAL LETTER L WITH CARON,L
U+013E,ľ,LATIN SMALL LETTER L WITH CARON,l
U+0141,Ł,LATIN CAPITAL LETTER L WITH STROKE,LETTER
U+0142,ł,LATIN SMALL LETTER L WITH STROKE,letter
U+0143,Ń,LATIN CAPITAL LETTER N WITH ACUTE,N
U+0144,ń,LATIN SMALL LETTER N WITH ACUTE,n
U+0145,Ņ,LATIN CAPITAL LETTER N WITH CEDILLA,N
U+0146,ņ,LATIN SMALL LETTER N WITH CEDILLA,n
U+0147,Ň,LATIN CAPITAL LETTER N WITH CARON,N
U+0148,ň,LATIN SMALL LETTER N WITH CARON,n
U+014A,Ŋ,LATIN CAPITAL LETTER ENG,N
U+014B,ŋ,LATIN SMALL LETTER ENG,n
U+014C,Ō,LATIN CAPITAL LETTER O WITH MACRON,O
U+014D,ō,LATIN SMALL LETTER O WITH MACRON,o
U+014E,Ŏ,LATIN CAPITAL LETTER O WITH BREVE,O
U+014F,ŏ,LATIN SMALL LETTER O WITH BREVE,o
U+0150,Ő,LATIN CAPITAL LETTER O WITH DOUBLE ACUTE,O
U+0151,ő,LATIN SMALL LETTER O WITH DOUBLE ACUTE,o
U+0152,Œ,LATIN CAPITAL LIGATURE OE,Oe
U+0153,œ,LATIN SMALL LIGATURE OE,oe
U+0154,Ŕ,LATIN CAPITAL LETTER R WITH ACUTE,R
U+0155,ŕ,LATIN SMALL LETTER R WITH ACUTE,r
U+0156,Ŗ,LATIN CAPITAL LETTER R WITH CEDILLA,R
U+0157,ŗ,LATIN SMALL LETTER R WITH CEDILLA,r
U+0158,Ř,LATIN CAPITAL LETTER R WITH CARON,R
U+0159,ř,LATIN SMALL LETTER R WITH CARON,r
U+015A,Ś,LATIN CAPITAL LETTER S WITH ACUTE,S
U+015B,ś,LATIN SMALL LETTER S WITH ACUTE,s
U+015C,Ŝ,LATIN CAPITAL LETTER S WITH CIRCUMFLEX,S
U+015D,ŝ,LATIN SMALL LETTER S WITH CIRCUMFLEX,s
U+015E,Ş,LATIN CAPITAL LETTER S WITH CEDILLA,S
U+015F,ş,LATIN SMALL LETTER S WITH CEDILLA,s
U+0160,Š,LATIN CAPITAL LETTER S WITH CARON,S
U+0161,š,LATIN SMALL LETTER S WITH CARON,s
U+0162,Ţ,LATIN CAPITAL LETTER T WITH CEDILLA,T
U+0163,ţ,LATIN SMALL LETTER T WITH CEDILLA,t
U+0164,Ť,LATIN CAPITAL LETTER T WITH CARON,T
U+0165,ť,LATIN SMALL LETTER T WITH CARON,t
U+0166,Ŧ,LATIN CAPITAL LETTER T WITH STROKE,LETTER
U+0167,ŧ,LATIN SMALL LETTER T WITH STROKE,letter
U+0168,Ũ,LATIN CAPITAL LETTER U WITH TILDE,U
U+0169,ũ,LATIN SMALL LETTER U WITH TILDE,u
U+016A,Ū,LATIN CAPITAL LETTER U WITH MACRON,U
U+016B,ū,LATIN SMALL LETTER U WITH MACRON,u
U+016C,Ŭ,LATIN CAPITAL LETTER U WITH BREVE,U
U+016D,ŭ,LATIN SMALL LETTER U WITH BREVE,u
U+016E,Ů,LATIN CAPITAL LETTER U WITH RING ABOVE,U
U+016F,ů,LATIN SMALL LETTER U WITH RING ABOVE,u
U+0170,Ű,LATIN CAPITAL LETTER U WITH DOUBLE ACUTE,U
U+0171,ű,LATIN SMALL LETTER U WITH DOUBLE ACUTE,u
U+0172,Ų,LATIN CAPITAL LETTER U WITH OGONEK,U
U+0173,ų,LATIN SMALL LETTER U WITH OGONEK,u
U+0174,Ŵ,LATIN CAPITAL LETTER W WITH CIRCUMFLEX,W
U+0175,ŵ,LATIN SMALL LETTER W WITH CIRCUMFLEX,w
U+0176,Ŷ,LATIN CAPITAL LETTER Y WITH CIRCUMFLEX,Y
U+0177,ŷ,LATIN SMALL LETTER Y WITH CIRCUMFLEX,y
U+0178,Ÿ,LATIN CAPITAL LETTER Y WITH DIAERESIS,Y
U+0179,Ź,LATIN CAPITAL LETTER Z WITH ACUTE,Z
U+017A,ź,LATIN SMALL LETTER Z WITH ACUTE,z
U+017B,Ż,LATIN CAPITAL LETTER Z WITH DOT ABOVE,Z
U+017C,ż,LATIN SMALL LETTER Z WITH DOT ABOVE,z
U+017D,Ž,LATIN CAPITAL LETTER Z WITH CARON,Z
U+017E,ž,LATIN SMALL LETTER Z WITH CARON,z
U+0401,Ё,CYRILLIC CAPITAL LETTER IO,E
U+0402,Ђ,CYRILLIC CAPITAL LETTER DJE,D
U+0404,Є,CYRILLIC CAPITAL LETTER UKRAINIAN IE,Ie
U+0405,Ѕ,CYRILLIC CAPITAL LETTER DZE,Dz
U+0406,І,CYRILLIC CAPITAL LETTER BYELORUSSIAN-UKRAINIAN I,I
U+0407,Ї,CYRILLIC CAPITAL LETTER YI,I
U+0408,Ј,CYRILLIC CAPITAL LETTER JE,J
U+0409,Љ,CYRILLIC CAPITAL LETTER LJE,Lj
U+040A,Њ,CYRILLIC CAPITAL LETTER NJE,Nj
U+040C,Ќ,CYRILLIC CAPITAL LETTER KJE,K
U+040E,Ў,CYRILLIC CAPITAL LETTER SHORT U,U
U+040F,Џ,CYRILLIC CAPITAL LETTER DZHE,Dz
U+0410,А,CYRILLIC CAPITAL LETTER A,A
U+0411,Б,CYRILLIC CAPITAL LETTER BE,B
U+0412,В,CYRILLIC CAPITAL LETTER VE,V
U+0413,Г,CYRILLIC CAPITAL LETTER GHE,G
U+0414,Д,CYRILLIC CAPITAL LETTER DE,D
U+0415,Е,CYRILLIC CAPITAL LETTER IE,E
U+0416,Ж,CYRILLIC CAPITAL LETTER ZHE,Zh
U+0417,З,CYRILLIC CAPITAL LETTER ZE,Z
U+0418,И,CYRILLIC CAPITAL LETTER I,I
U+0419,Й,CYRILLIC CAPITAL LETTER SHORT I,I
U+041A,К,CYRILLIC CAPITAL LETTER KA,K
U+041B,Л,CYRILLIC CAPITAL LETTER EL,L
U+041C,М,CYRILLIC CAPITAL LETTER EM,M
U+041D,Н,CYRILLIC CAPITAL LETTER EN,N
U+041E,О,CYRILLIC CAPITAL LETTER O,O
U+041F,П,CYRILLIC CAPITAL LETTER PE,P
U+0420,Р,CYRILLIC CAPITAL LETTER ER,R
U+0421,С,CYRILLIC CAPITAL LETTER ES,S
U+0422,Т,CYRILLIC CAPITAL LETTER TE,T
U+0423,У,CYRILLIC CAPITAL LETTER U,U
U+0424,Ф,CYRILLIC CAPITAL LETTER EF,F
U+0425,Х,CYRILLIC CAPITAL LETTER HA,Kh
U+0426,Ц,CYRILLIC CAPITAL LETTER TSE,Ts
U+0427,Ч,CYRILLIC CAPITAL LETTER CHE,Ch
U+0428,Ш,CYRILLIC CAPITAL LETTER SHA,Sh
U+0429,Щ,CYRILLIC CAPITAL LETTER SHCHA,Shch
U+042A,Ъ,CYRILLIC CAPITAL LETTER HARD SIGN,Ie
U+042B,Ы,CYRILLIC CAPITAL LETTER YERU,Y
U+042C,Ь,CYRILLIC CAPITAL LETTER SOFT SIGN,
U+042D,Э,CYRILLIC CAPITAL LETTER E,E
U+042E,Ю,CYRILLIC CAPITAL LETTER YU,Iu
U+042F,Я,CYRILLIC CAPITAL LETTER YA,Ia
U+0430,а,CYRILLIC SMALL LETTER A,a
U+0431,б,CYRILLIC SMALL LETTER BE,b
U+0432,в,CYRILLIC SMALL LETTER VE,v
U+0433,г,CYRILLIC SMALL LETTER GHE,g
U+0434,д,CYRILLIC SMALL LETTER DE,d
U+0435,е,CYRILLIC SMALL LETTER IE,e
U+0436,ж,CYRILLIC SMALL LETTER ZHE,zh
U+0437,з,CYRILLIC SMALL LETTER ZE,z
U+0438,и,CYRILLIC SMALL LETTER I,i
U+0439,й,CYRILLIC SMALL LETTER SHORT I,i
U+043A,к,CYRILLIC SMALL LETTER KA,k
U+043B,л,CYRILLIC SMALL LETTER EL,l
U+043C,м,CYRILLIC SMALL LETTER EM,m
U+043D,н,CYRILLIC SMALL LETTER EN,n
U+043E,о,CYRILLIC SMALL LETTER O,o
U+043F,п,CYRILLIC SMALL LETTER PE,p
U+0440,р,CYRILLIC SMALL LETTER ER,r
U+0441,с,CYRILLIC SMALL LETTER ES,s
U+0442,т,CYRILLIC SMALL LETTER TE,t
U+0443,у,CYRILLIC SMALL LETTER U,u
U+0444,ф,CYRILLIC SMALL LETTER EF,f
U+0445,х,CYRILLIC SMALL LETTER HA,kh
U+0446,ц,CYRILLIC SMALL LETTER TSE,ts
U+0447,ч,CYRILLIC SMALL LETTER CHE,ch
U+0448,ш,CYRILLIC SMALL LETTER SHA,sh
U+0449,щ,CYRILLIC SMALL LETTER SHCHA,shch
U+044A,ъ,CYRILLIC SMALL LETTER HARD SIGN,ie
U+044B,ы,CYRILLIC SMALL LETTER YERU,y
U+044C,ь,CYRILLIC SMALL LETTER SOFT SIGN,
U+044D,э,CYRILLIC SMALL LETTER E,e
U+044E,ю,CYRILLIC SMALL LETTER YU,iu
U+044F,я,CYRILLIC SMALL LETTER YA,ia
U+0451,ё,CYRILLIC SMALL LETTER IO,e
U+0452,ђ,CYRILLIC SMALL LETTER DJE,d
U+0454,є,CYRILLIC SMALL LETTER UKRAINIAN IE,ie
U+0455,ѕ,CYRILLIC SMALL LETTER DZE,dz
U+0456,і,CYRILLIC SMALL LETTER BYELORUSSIAN-UKRAINIAN I,i
U+0457,ї,CYRILLIC SMALL LETTER YI,i
U+0458,ј,CYRILLIC SMALL LETTER JE,j
U+0459,љ,CYRILLIC SMALL LETTER LJE,lj
U+045A,њ,CYRILLIC SMALL LETTER NJE,nj
U+045C,ќ,CYRILLIC SMALL LETTER KJE,k
U+045E,ў,CYRILLIC SMALL LETTER SHORT U,u
U+045F,џ,CYRILLIC SMALL LETTER DZHE,dz
U+0490,Ґ,CYRILLIC CAPITAL LETTER GHE WITH UPTURN,G
U+0491,ґ,CYRILLIC SMALL LETTER GHE WITH UPTURN,g
U+1E9E,ẞ,LATIN CAPITAL LETTER SHARP S,SS
